0001,BULBASAUR,妙蛙種子,Bulbasaur
0001,BULBASAUR_FALL_2019,妙蛙種子,Bulbasaur
0002,IVYSAUR,妙蛙草,Ivysaur
0003,VENUSAUR,妙蛙花,Venusaur
0003,VENUSAUR_COPY_2019,妙蛙花,Venusaur
0004,CHARMANDER,小火龍,Charmander
0004,CHARMANDER_FALL_2019,小火龍,Charmander
0005,CHARMELEON,火恐龍,Charmeleon
0006,CHARIZARD,噴火龍,Charizard
0006,CHARIZARD_COPY_2019,噴火龍,Charizard
0007,SQUIRTLE,傑尼龜,Squirtle
0007,SQUIRTLE_FALL_2019,傑尼龜,Squirtle
0008,WARTORTLE,卡咪龜,Wartortle
0009,BLASTOISE,水箭龜,Blastoise
0009,BLASTOISE_COPY_2019,水箭龜,Blastoise
0010,CATERPIE,綠毛蟲,Caterpie
0011,METAPOD,鐵甲蛹,Metapod
0012,BUTTERFREE,巴大蝶,Butterfree
0013,WEEDLE,獨角蟲,Weedle
0014,KAKUNA,鐵殼蛹,Kakuna
0015,BEEDRILL,大針蜂,Beedrill
0016,PIDGEY,波波,Pidgey
0017,PIDGEOTTO,比比鳥,Pidgeotto
0018,PIDGEOT,大比鳥,Pidgeot
0019,RATTATA,小拉達,Rattata
0019,RATTATA_ALOLA,小拉達,Rattata
0020,RATICATE,拉達,Raticate
0020,RATICATE_ALOLA,拉達,Raticate
0021,SPEAROW,烈雀,Spearow
0022,FEAROW,大嘴雀,Fearow
0023,EKANS,阿柏蛇,Ekans
0024,ARBOK,阿柏怪,Arbok
0025,PIKACHU,皮卡丘,Pikachu
0025,PIKACHU_ADVENTURE_HAT_2020,皮卡丘,Pikachu
0025,PIKACHU_COPY_2019,皮卡丘,Pikachu
0025,PIKACHU_COSTUME_2020,皮卡丘,Pikachu
0025,PIKACHU_FALL_2019,皮卡丘,Pikachu
0025,PIKACHU_FLYING_01,皮卡丘,Pikachu
0025,PIKACHU_FLYING_02,皮卡丘,Pikachu
0025,PIKACHU_FLYING_5TH_ANNIV,皮卡丘,Pikachu
0025,PIKACHU_FLYING_OKINAWA,皮卡丘,Pikachu
0025,PIKACHU_GOFEST_2022,皮卡丘,Pikachu
0025,PIKACHU_KARIYUSHI,皮卡丘,Pikachu
0025,PIKACHU_POP_STAR,皮卡丘,Pikachu
0025,PIKACHU_ROCK_STAR,皮卡丘,Pikachu
0025,PIKACHU_SUMMER_2023_A,皮卡丘,Pikachu
0025,PIKACHU_SUMMER_2023_B,皮卡丘,Pikachu
0025,PIKACHU_SUMMER_2023_C,皮卡丘,Pikachu
0025,PIKACHU_SUMMER_2023_D,皮卡丘,Pikachu
0025,PIKACHU_SUMMER_2023_E,皮卡丘,Pikachu
0025,PIKACHU_TSHIRT_01,皮卡丘,Pikachu
0025,PIKACHU_TSHIRT_02,皮卡丘,Pikachu
0025,PIKACHU_VS_2019,皮卡丘,Pikachu
0025,PIKACHU_WCS_2022,皮卡丘,Pikachu
0025,PIKACHU_WINTER_2020,皮卡丘,Pikachu
0026,RAICHU,雷丘,Raichu
0026,RAICHU_ALOLA,雷丘,Raichu
0027,SANDSHREW,穿山鼠,Sandshrew
0027,SANDSHREW_ALOLA,穿山鼠,Sandshrew
0028,SANDSLASH,穿山王,Sandslash
0028,SANDSLASH_ALOLA,穿山王,Sandslash
0029,NIDORAN,尼多蘭,Nidoran♀
0030,NIDORINA,尼多娜,Nidorina
0031,NIDOQUEEN,尼多后,Nidoqueen
0032,NIDORAN,尼多朗,Nidoran♂
0033,NIDORINO,尼多力諾,Nidorino
0034,NIDOKING,尼多王,Nidoking
0035,CLEFAIRY,皮皮,Clefairy
0036,CLEFABLE,皮可西,Clefable
0037,VULPIX,六尾,Vulpix
0037,VULPIX_ALOLA,六尾,Vulpix
0038,NINETALES,九尾,Ninetales
0038,NINETALES_ALOLA,九尾,Ninetales
0039,JIGGLYPUFF,胖丁,Jigglypuff
0040,WIGGLYTUFF,胖可丁,Wigglytuff
0041,ZUBAT,超音蝠,Zubat
0042,GOLBAT,大嘴蝠,Golbat
0043,ODDISH,走路草,Oddish
0044,GLOOM,臭臭花,Gloom
0045,VILEPLUME,霸王花,Vileplume
0046,PARAS,派拉斯,Paras
0047,PARASECT,派拉斯特,Parasect
0048,VENONAT,毛球,Venonat
0049,VENOMOTH,摩魯蛾,Venomoth
0050,DIGLETT,地鼠,Diglett
0050,DIGLETT_ALOLA,地鼠,Diglett
0051,DUGTRIO,三地鼠,Dugtrio
0051,DUGTRIO_ALOLA,三地鼠,Dugtrio
0052,MEOWTH,喵喵,Meowth
0052,MEOWTH_ALOLA,喵喵,Meowth
0052,MEOWTH_GALARIAN,喵喵,Meowth
0053,PERSIAN,貓老大,Persian
0053,PERSIAN_ALOLA,貓老大,Persian
0054,PSYDUCK,可達鴨,Psyduck
0055,GOLDUCK,哥達鴨,Golduck
0056,MANKEY,猴怪,Mankey
0057,PRIMEAPE,火爆猴,Primeape
0058,GROWLITHE,卡蒂狗,Growlithe
0058,GROWLITHE_HISUIAN,卡蒂狗,Growlithe
0059,ARCANINE,風速狗,Arcanine
0059,ARCANINE_HISUIAN,風速狗,Arcanine
0060,POLIWAG,蚊香蝌蚪,Poliwag
0061,POLIWHIRL,蚊香君,Poliwhirl
0062,POLIWRATH,蚊香泳士,Poliwrath
0063,ABRA,凱西,Abra
0064,KADABRA,勇基拉,Kadabra
0065,ALAKAZAM,胡地,Alakazam
0066,MACHOP,腕力,Machop
0067,MACHOKE,豪力,Machoke
0068,MACHAMP,怪力,Machamp
0069,BELLSPROUT,喇叭芽,Bellsprout
0070,WEEPINBELL,口呆花,Weepinbell
0071,VICTREEBEL,大食花,Victreebel
0072,TENTACOOL,瑪瑙水母,Tentacool
0073,TENTACRUEL,毒刺水母,Tentacruel
0074,GEODUDE,小拳石,Geodude
0074,GEODUDE_ALOLA,小拳石,Geodude
0075,GRAVELER,隆隆石,Graveler
0075,GRAVELER_ALOLA,隆隆石,Graveler
0076,GOLEM,隆隆岩,Golem
0076,GOLEM_ALOLA,隆隆岩,Golem
0077,PONYTA,小火馬,Ponyta
0077,PONYTA_GALARIAN,小火馬,Ponyta
0078,RAPIDASH,烈焰馬,Rapidash
0078,RAPIDASH_GALARIAN,烈焰馬,Rapidash
0079,SLOWPOKE,呆呆獸,Slowpoke
0079,SLOWPOKE_2020,呆呆獸,Slowpoke
0079,SLOWPOKE_GALARIAN,呆呆獸,Slowpoke
0080,SLOWBRO,呆殼獸,Slowbro
0080,SLOWBRO_2021,呆殼獸,Slowbro
0080,SLOWBRO_GALARIAN,呆殼獸,Slowbro
0081,MAGNEMITE,小磁怪,Magnemite
0082,MAGNETON,三合一磁怪,Magneton
0083,FARFETCHD,大蔥鴨,Farfetch'd
0083,FARFETCHD_GALARIAN,大蔥鴨,Farfetch'd
0084,DODUO,嘟嘟,Doduo
0085,DODRIO,嘟嘟利,Dodrio
0086,SEEL,小海獅,Seel
0087,DEWGONG,白海獅,Dewgong
0088,GRIMER,臭泥,Grimer
0088,GRIMER_ALOLA,臭泥,Grimer
0089,MUK,臭臭泥,Muk
0089,MUK_ALOLA,臭臭泥,Muk
0090,SHELLDER,大舌貝,Shellder
0091,CLOYSTER,刺甲貝,Cloyster
0092,GASTLY,鬼斯,Gastly
0093,HAUNTER,鬼斯通,Haunter
0094,GENGAR,耿鬼,Gengar
0094,GENGAR_COSTUME_2020,耿鬼,Gengar
0095,ONIX,大岩蛇,Onix
0096,DROWZEE,催眠貘,Drowzee
0097,HYPNO,引夢貘人,Hypno
0098,KRABBY,大鉗蟹,Krabby
0099,KINGLER,巨鉗蟹,Kingler
0100,VOLTORB,霹靂電球,Voltorb
0100,VOLTORB_HISUIAN,霹靂電球,Voltorb
0101,ELECTRODE,頑皮雷彈,Electrode
0101,ELECTRODE_HISUIAN,頑皮雷彈,Electrode
0102,EXEGGCUTE,蛋蛋,Exeggcute
0103,EXEGGUTOR,椰蛋樹,Exeggutor
0103,EXEGGUTOR_ALOLA,椰蛋樹,Exeggutor
0104,CUBONE,卡拉卡拉,Cubone
0105,MAROWAK,嘎啦嘎啦,Marowak
0105,MAROWAK_ALOLA,嘎啦嘎啦,Marowak
0106,HITMONLEE,飛腿郎,Hitmonlee
0107,HITMONCHAN,快拳郎,Hitmonchan
0108,LICKITUNG,大舌頭,Lickitung
0109,KOFFING,瓦斯彈,Koffing
0110,WEEZING,雙彈瓦斯,Weezing
0110,WEEZING_GALARIAN,雙彈瓦斯,Weezing
0111,RHYHORN,獨角犀牛,Rhyhorn
0112,RHYDON,鑽角犀獸,Rhydon
0113,CHANSEY,吉利蛋,Chansey
0114,TANGELA,蔓藤怪,Tangela
0115,KANGASKHAN,袋獸,Kangaskhan
0116,HORSEA,墨海馬,Horsea
0117,SEADRA,海刺龍,Seadra
0118,GOLDEEN,角金魚,Goldeen
0119,SEAKING,金魚王,Seaking
0120,STARYU,海星星,Staryu
0121,STARMIE,寶石海星,Starmie
0122,MR_MIME,魔牆人偶,Mr. Mime
0122,MR_MIME_GALARIAN,魔牆人偶,Mr. Mime
0123,SCYTHER,飛天螳螂,Scyther
0124,JYNX,迷唇姐,Jynx
0125,ELECTABUZZ,電擊獸,Electabuzz
0126,MAGMAR,鴨嘴火獸,Magmar
0127,PINSIR,凱羅斯,Pinsir
0128,TAUROS,肯泰羅,Tauros
0129,MAGIKARP,鯉魚王,Magikarp
0130,GYARADOS,暴鯉龍,Gyarados
0131,LAPRAS,拉普拉斯,Lapras
0131,LAPRAS_COSTUME_2020,拉普拉斯,Lapras
0132,DITTO,百變怪,Ditto
0133,EEVEE,伊布,Eevee
0134,VAPOREON,水伊布,Vaporeon
0135,JOLTEON,雷伊布,Jolteon
0136,FLAREON,火伊布,Flareon
0137,PORYGON,多邊獸,Porygon
0138,OMANYTE,菊石獸,Omanyte
0139,OMASTAR,多刺菊石獸,Omastar
0140,KABUTO,化石盔,Kabuto
0141,KABUTOPS,鐮刀盔,Kabutops
0142,AERODACTYL,化石翼龍,Aerodactyl
0142,AERODACTYL_SUMMER_2023,化石翼龍,Aerodactyl
0143,SNORLAX,卡比獸,Snorlax
0144,ARTICUNO,急凍鳥,Articuno
0144,ARTICUNO_GALARIAN,急凍鳥,Articuno
0145,ZAPDOS,閃電鳥,Zapdos
0145,ZAPDOS_GALARIAN,閃電鳥,Zapdos
0146,MOLTRES,火焰鳥,Moltres
0146,MOLTRES_GALARIAN,火焰鳥,Moltres
0147,DRATINI,迷你龍,Dratini
0148,DRAGONAIR,哈克龍,Dragonair
0149,DRAGONITE,快龍,Dragonite
0150,MEWTWO,超夢,Mewtwo
0150,MEWTWO_A,超夢,Mewtwo
0151,MEW,夢幻,Mew
0152,CHIKORITA,菊草葉,Chikorita
0153,BAYLEEF,月桂葉,Bayleef
0154,MEGANIUM,大竺葵,Meganium
0155,CYNDAQUIL,火球鼠,Cyndaquil
0156,QUILAVA,火岩鼠,Quilava
0157,TYPHLOSION,火爆獸,Typhlosion
0158,TOTODILE,小鋸鱷,Totodile
0159,CROCONAW,藍鱷,Croconaw
0160,FERALIGATR,大力鱷,Feraligatr
0161,SENTRET,尾立,Sentret
0162,FURRET,大尾立,Furret
0163,HOOTHOOT,咕咕,Hoothoot
0164,NOCTOWL,貓頭夜鷹,Noctowl
0165,LEDYBA,芭瓢蟲,Ledyba
0166,LEDIAN,安瓢蟲,Ledian
0167,SPINARAK,圓絲蛛,Spinarak
0168,ARIADOS,阿利多斯,Ariados
0169,CROBAT,叉字蝠,Crobat
0170,CHINCHOU,燈籠魚,Chinchou
0171,LANTURN,電燈怪,Lanturn
0172,PICHU,皮丘,Pichu
0173,CLEFFA,皮寶寶,Cleffa
0174,IGGLYBUFF,寶寶丁,Igglybuff
0175,TOGEPI,波克比,Togepi
0176,TOGETIC,波克基古,Togetic
0177,NATU,天然雀,Natu
0178,XATU,天然鳥,Xatu
0179,MAREEP,咩利羊,Mareep
0180,FLAAFFY,茸茸羊,Flaaffy
0181,AMPHAROS,電龍,Ampharos
0182,BELLOSSOM,美麗花,Bellossom
0183,MARILL,瑪力露,Marill
0184,AZUMARILL,瑪力露麗,Azumarill
0185,SUDOWOODO,樹才怪,Sudowoodo
0186,POLITOED,蚊香蛙皇,Politoed
0187,HOPPIP,毽子草,Hoppip
0188,SKIPLOOM,毽子花,Skiploom
0189,JUMPLUFF,毽子棉,Jumpluff
0190,AIPOM,長尾怪手,Aipom
0191,SUNKERN,向日種子,Sunkern
0192,SUNFLORA,向日花怪,Sunflora
0193,YANMA,蜻蜻蜓,Yanma
0194,WOOPER,烏波,Wooper
0195,QUAGSIRE,沼王,Quagsire
0196,ESPEON,太陽伊布,Espeon
0197,UMBREON,月亮伊布,Umbreon
0198,MURKROW,黑暗鴉,Murkrow
0199,SLOWKING,呆呆王,Slowking
0199,SLOWKING_2022,呆呆王,Slowking
0199,SLOWKING_GALARIAN,呆呆王,Slowking
0200,MISDREAVUS,夢妖,Misdreavus
0201,UNOWN,未知圖騰,Unown
0202,WOBBUFFET,果然翁,Wobbuffet
0203,GIRAFARIG,麒麟奇,Girafarig
0204,PINECO,榛果球,Pineco
0205,FORRETRESS,佛烈托斯,Forretress
0206,DUNSPARCE,土龍弟弟,Dunsparce
0207,GLIGAR,天蠍,Gligar
0208,STEELIX,大鋼蛇,Steelix
0209,SNUBBULL,布魯,Snubbull
0210,GRANBULL,布魯皇,Granbull
0211,QWILFISH,千針魚,Qwilfish
0211,QWILFISH_HISUIAN,千針魚,Qwilfish
0212,SCIZOR,巨鉗螳螂,Scizor
0213,SHUCKLE,壺壺,Shuckle
0214,HERACROSS,赫拉克羅斯,Heracross
0215,SNEASEL,狃拉,Sneasel
0215,SNEASEL_HISUIAN,狃拉,Sneasel
0216,TEDDIURSA,熊寶寶,Teddiursa
0217,URSARING,圈圈熊,Ursaring
0218,SLUGMA,熔岩蟲,Slugma
0219,MAGCARGO,熔岩蝸牛,Magcargo
0220,SWINUB,小山豬,Swinub
0221,PILOSWINE,長毛豬,Piloswine
0222,CORSOLA,太陽珊瑚,Corsola
0223,REMORAID,鐵炮魚,Remoraid
0224,OCTILLERY,章魚桶,Octillery
0225,DELIBIRD,信使鳥,Delibird
0225,DELIBIRD_WINTER_2020,信使鳥,Delibird
0226,MANTINE,巨翅飛魚,Mantine
0227,SKARMORY,盔甲鳥,Skarmory
0228,HOUNDOUR,戴魯比,Houndour
0229,HOUNDOOM,黑魯加,Houndoom
0230,KINGDRA,刺龍王,Kingdra
0231,PHANPY,小小象,Phanpy
0232,DONPHAN,頓甲,Donphan
0233,PORYGON2,多邊獸Ⅱ,Porygon2
0234,STANTLER,驚角鹿,Stantler
0235,SMEARGLE,圖圖犬,Smeargle
0236,TYROGUE,無畏小子,Tyrogue
0237,HITMONTOP,戰舞郎,Hitmontop
0238,SMOOCHUM,迷唇娃,Smoochum
0239,ELEKID,電擊怪,Elekid
0240,MAGBY,鴨嘴寶寶,Magby
0241,MILTANK,大奶罐,Miltank
0242,BLISSEY,幸福蛋,Blissey
0243,RAIKOU,雷公,Raikou
0244,ENTEI,炎帝,Entei
0245,SUICUNE,水君,Suicune
0246,LARVITAR,幼基拉斯,Larvitar
0247,PUPITAR,沙基拉斯,Pupitar
0248,TYRANITAR,班基拉斯,Tyranitar
0249,LUGIA,洛奇亞,Lugia
0250,HO_OH,鳳王,Ho-Oh
0251,CELEBI,時拉比,Celebi
0252,TREECKO,木守宮,Treecko
0253,GROVYLE,森林蜥蜴,Grovyle
0254,SCEPTILE,蜥蜴王,Sceptile
0255,TORCHIC,火稚雞,Torchic
0256,COMBUSKEN,力壯雞,Combusken
0257,BLAZIKEN,火焰雞,Blaziken
0258,MUDKIP,水躍魚,Mudkip
0259,MARSHTOMP,沼躍魚,Marshtomp
0260,SWAMPERT,巨沼怪,Swampert
0261,POOCHYENA,土狼犬,Poochyena
0262,MIGHTYENA,大狼犬,Mightyena
0263,ZIGZAGOON,蛇紋熊,Zigzagoon
0263,ZIGZAGOON_GALARIAN,蛇紋熊,Zigzagoon
0264,LINOONE,直衝熊,Linoone
0264,LINOONE_GALARIAN,直衝熊,Linoone
0265,WURMPLE,刺尾蟲,Wurmple
0266,SILCOON,甲殼繭,Silcoon
0267,BEAUTIFLY,狩獵鳳蝶,Beautifly
0268,CASCOON,盾甲繭,Cascoon
0269,DUSTOX,毒粉蛾,Dustox
0270,LOTAD,蓮葉童子,Lotad
0271,LOMBRE,蓮帽小童,Lombre
0272,LUDICOLO,樂天河童,Ludicolo
0273,SEEDOT,橡實果,Seedot
0274,NUZLEAF,長鼻葉,Nuzleaf
0275,SHIFTRY,狡猾天狗,Shiftry
0276,TAILLOW,傲骨燕,Taillow
0277,SWELLOW,大王燕,Swellow
0278,WINGULL,長翅鷗,Wingull
0279,PELIPPER,大嘴鷗,Pelipper
0280,RALTS,拉魯拉絲,Ralts
0281,KIRLIA,奇魯莉安,Kirlia
0282,GARDEVOIR,沙奈朵,Gardevoir
0283,SURSKIT,溜溜糖球,Surskit
0284,MASQUERAIN,雨翅蛾,Masquerain
0285,SHROOMISH,蘑蘑菇,Shroomish
0286,BRELOOM,斗笠菇,Breloom
0287,SLAKOTH,懶人獺,Slakoth
0288,VIGOROTH,過動猿,Vigoroth
0289,SLAKING,請假王,Slaking
0290,NINCADA,土居忍士,Nincada
0291,NINJASK,鐵面忍者,Ninjask
0292,SHEDINJA,脫殼忍者,Shedinja
0293,WHISMUR,咕妞妞,Whismur
0294,LOUDRED,吼爆彈,Loudred
0295,EXPLOUD,爆音怪,Exploud
0296,MAKUHITA,幕下力士,Makuhita
0297,HARIYAMA,鐵掌力士,Hariyama
0298,AZURILL,露力麗,Azurill
0299,NOSEPASS,朝北鼻,Nosepass
0300,SKITTY,向尾喵,Skitty
0301,DELCATTY,優雅貓,Delcatty
0302,SABLEYE,勾魂眼,Sableye
0302,SABLEYE_COSTUME_2020,勾魂眼,Sableye
0303,MAWILE,大嘴娃,Mawile
0304,ARON,可可多拉,Aron
0305,LAIRON,可多拉,Lairon
0306,AGGRON,波士可多拉,Aggron
0307,MEDITITE,瑪沙那,Meditite
0308,MEDICHAM,恰雷姆,Medicham
0309,ELECTRIKE,落雷獸,Electrike
0310,MANECTRIC,雷電獸,Manectric
0311,PLUSLE,正電拍拍,Plusle
0312,MINUN,負電拍拍,Minun
0313,VOLBEAT,電螢蟲,Volbeat
0314,ILLUMISE,甜甜螢,Illumise
0315,ROSELIA,毒薔薇,Roselia
0316,GULPIN,溶食獸,Gulpin
0317,SWALOT,吞食獸,Swalot
0318,CARVANHA,利牙魚,Carvanha
0319,SHARPEDO,巨牙鯊,Sharpedo
0320,WAILMER,吼吼鯨,Wailmer
0321,WAILORD,吼鯨王,Wailord
0322,NUMEL,呆火駝,Numel
0323,CAMERUPT,噴火駝,Camerupt
0324,TORKOAL,煤炭龜,Torkoal
0325,SPOINK,跳跳豬,Spoink
0326,GRUMPIG,噗噗豬,Grumpig
0327,SPINDA,晃晃斑,Spinda
0328,TRAPINCH,大顎蟻,Trapinch
0329,VIBRAVA,超音波幼蟲,Vibrava
0330,FLYGON,沙漠蜻蜓,Flygon
0331,CACNEA,刺球仙人掌,Cacnea
0332,CACTURNE,夢歌仙人掌,Cacturne
0333,SWABLU,青綿鳥,Swablu
0334,ALTARIA,七夕青鳥,Altaria
0335,ZANGOOSE,貓鼬斬,Zangoose
0336,SEVIPER,飯匙蛇,Seviper
0337,LUNATONE,月石,Lunatone
0338,SOLROCK,太陽岩,Solrock
0339,BARBOACH,泥泥鰍,Barboach
0340,WHISCASH,鯰魚王,Whiscash
0341,CORPHISH,龍蝦小兵,Corphish
0342,CRAWDAUNT,鐵螯龍蝦,Crawdaunt
0343,BALTOY,天秤偶,Baltoy
0344,CLAYDOL,念力土偶,Claydol
0345,LILEEP,觸手百合,Lileep
0346,CRADILY,搖籃百合,Cradily
0347,ANORITH,太古羽蟲,Anorith
0348,ARMALDO,太古盔甲,Armaldo
0349,FEEBAS,醜醜魚,Feebas
0350,MILOTIC,美納斯,Milotic
0351,CASTFORM,飄浮泡泡,Castform
0351,CASTFORM_RAINY,飄浮泡泡,Castform
0351,CASTFORM_SNOWY,飄浮泡泡,Castform
0351,CASTFORM_SUNNY,飄浮泡泡,Castform
0352,KECLEON,變隱龍,Kecleon
0353,SHUPPET,怨影娃娃,Shuppet
0354,BANETTE,詛咒娃娃,Banette
0355,DUSKULL,夜巡靈,Duskull
0356,DUSCLOPS,彷徨夜靈,Dusclops
0357,TROPIUS,熱帶龍,Tropius
0358,CHIMECHO,風鈴鈴,Chimecho
0359,ABSOL,阿勃梭魯,Absol
0360,WYNAUT,小果然,Wynaut
0361,SNORUNT,雪童子,Snorunt
0362,GLALIE,冰鬼護,Glalie
0363,SPHEAL,海豹球,Spheal
0364,SEALEO,海魔獅,Sealeo
0365,WALREIN,帝牙海獅,Walrein
0366,CLAMPERL,珍珠貝,Clamperl
0367,HUNTAIL,獵斑魚,Huntail
0368,GOREBYSS,櫻花魚,Gorebyss
0369,RELICANTH,古空棘魚,Relicanth
0370,LUVDISC,愛心魚,Luvdisc
0371,BAGON,寶貝龍,Bagon
0372,SHELGON,甲殼龍,Shelgon
0373,SALAMENCE,暴飛龍,Salamence
0374,BELDUM,鐵啞鈴,Beldum
0375,METANG,金屬怪,Metang
0376,METAGROSS,巨金怪,Metagross
0377,REGIROCK,雷吉洛克,Regirock
0378,REGICE,雷吉艾斯,Regice
0379,REGISTEEL,雷吉斯奇魯,Registeel
0380,LATIAS,拉帝亞斯,Latias
0381,LATIOS,拉帝歐斯,Latios
0382,KYOGRE,蓋歐卡,Kyogre
0383,GROUDON,固拉多,Groudon
0384,RAYQUAZA,烈空坐,Rayquaza
0385,JIRACHI,基拉祈,Jirachi
0386,DEOXYS,代歐奇希斯,Deoxys
0386,DEOXYS_ATTACK,代歐奇希斯,Deoxys
0386,DEOXYS_DEFENSE,代歐奇希斯,Deoxys
0386,DEOXYS_SPEED,代歐奇希斯,Deoxys
0387,TURTWIG,草苗龜,Turtwig
0388,GROTLE,樹林龜,Grotle
0389,TORTERRA,土台龜,Torterra
0390,CHIMCHAR,小火焰猴,Chimchar
0391,MONFERNO,猛火猴,Monferno
0392,INFERNAPE,烈焰猴,Infernape
0393,PIPLUP,波加曼,Piplup
0394,PRINPLUP,波皇子,Prinplup
0395,EMPOLEON,帝王拿波,Empoleon
0396,STARLY,姆克兒,Starly
0397,STARAVIA,姆克鳥,Staravia
0398,STARAPTOR,姆克鷹,Staraptor
0399,BIDOOF,大牙狸,Bidoof
0400,BIBAREL,大尾狸,Bibarel
0401,KRICKETOT,圓法師,Kricketot
0402,KRICKETUNE,音箱蟀,Kricketune
0403,SHINX,小貓怪,Shinx
0404,LUXIO,勒克貓,Luxio
0405,LUXRAY,倫琴貓,Luxray
0406,BUDEW,含羞苞,Budew
0407,ROSERADE,羅絲雷朵,Roserade
0408,CRANIDOS,頭蓋龍,Cranidos
0409,RAMPARDOS,戰槌龍,Rampardos
0410,SHIELDON,盾甲龍,Shieldon
0411,BASTIODON,護城龍,Bastiodon
0412,BURMY_PLANT,結草兒,Burmy
0412,BURMY_SANDY,結草兒,Burmy
0412,BURMY_TRASH,結草兒,Burmy
0413,WORMADAM_PLANT,結草貴婦,Wormadam
0413,WORMADAM_SANDY,結草貴婦,Wormadam
0413,WORMADAM_TRASH,結草貴婦,Wormadam
0414,MOTHIM,紳士蛾,Mothim
0415,COMBEE,三蜜蜂,Combee
0416,VESPIQUEN,蜂女王,Vespiquen
0417,PACHIRISU,帕奇利茲,Pachirisu
0418,BUIZEL,泳圈鼬,Buizel
0419,FLOATZEL,浮潛鼬,Floatzel
0420,CHERUBI,櫻花寶,Cherubi
0421,CHERRIM_OVERCAST,櫻花兒,Cherrim
0421,CHERRIM_SUNNY,櫻花兒,Cherrim
0422,SHELLOS_EAST_SEA,無殼海兔,Shellos
0422,SHELLOS_WEST_SEA,無殼海兔,Shellos
0423,GASTRODON_EAST_SEA,海兔獸,Gastrodon
0423,GASTRODON_WEST_SEA,海兔獸,Gastrodon
0424,AMBIPOM,雙尾怪手,Ambipom
0425,DRIFLOON,飄飄球,Drifloon
0426,DRIFBLIM,隨風球,Drifblim
0427,BUNEARY,捲捲耳,Buneary
0428,LOPUNNY,長耳兔,Lopunny
0429,MISMAGIUS,夢妖魔,Mismagius
0430,HONCHKROW,烏鴉頭頭,Honchkrow
0431,GLAMEOW,魅力喵,Glameow
0432,PURUGLY,東施喵,Purugly
0433,CHINGLING,鈴鐺響,Chingling
0434,STUNKY,臭鼬噗,Stunky
0435,SKUNTANK,坦克臭鼬,Skuntank
0436,BRONZOR,銅鏡怪,Bronzor
0437,BRONZONG,青銅鐘,Bronzong
0438,BONSLY,盆才怪,Bonsly
0439,MIME_JR,魔尼尼,Mime Jr.
0440,HAPPINY,小福蛋,Happiny
0441,CHATOT,聒噪鳥,Chatot
0442,SPIRITOMB,花岩怪,Spiritomb
0443,GIBLE,圓陸鯊,Gible
0444,GABITE,尖牙陸鯊,Gabite
0445,GARCHOMP,烈咬陸鯊,Garchomp
0446,MUNCHLAX,小卡比獸,Munchlax
0447,RIOLU,利歐路,Riolu
0448,LUCARIO,路卡利歐,Lucario
0449,HIPPOPOTAS,沙河馬,Hippopotas
0450,HIPPOWDON,河馬獸,Hippowdon
0451,SKORUPI,鉗尾蠍,Skorupi
0452,DRAPION,龍王蠍,Drapion
0453,CROAGUNK,不良蛙,Croagunk
0454,TOXICROAK,毒骷蛙,Toxicroak
0455,CARNIVINE,尖牙籠,Carnivine
0456,FINNEON,螢光魚,Finneon
0457,LUMINEON,霓虹魚,Lumineon
0458,MANTYKE,小球飛魚,Mantyke
0459,SNOVER,雪笠怪,Snover
0460,ABOMASNOW,暴雪王,Abomasnow
0461,WEAVILE,瑪狃拉,Weavile
0462,MAGNEZONE,自爆磁怪,Magnezone
0463,LICKILICKY,大舌舔,Lickilicky
0464,RHYPERIOR,超甲狂犀,Rhyperior
0465,TANGROWTH,巨蔓藤,Tangrowth
0466,ELECTIVIRE,電擊魔獸,Electivire
0467,MAGMORTAR,鴨嘴炎獸,Magmortar
0468,TOGEKISS,波克基斯,Togekiss
0469,YANMEGA,遠古巨蜓,Yanmega
0470,LEAFEON,葉伊布,Leafeon
0471,GLACEON,冰伊布,Glaceon
0472,GLISCOR,天蠍王,Gliscor
0473,MAMOSWINE,象牙豬,Mamoswine
0474,PORYGON_Z,多邊獸Ｚ,Porygon-Z
0475,GALLADE,艾路雷朵,Gallade
0476,PROBOPASS,大朝北鼻,Probopass
0477,DUSKNOIR,黑夜魔靈,Dusknoir
0478,FROSLASS,雪妖女,Froslass
0479,ROTOM,洛托姆,Rotom
0479,ROTOM_FAN,洛托姆,Rotom
0479,ROTOM_FROST,洛托姆,Rotom
0479,ROTOM_HEAT,洛托姆,Rotom
0479,ROTOM_MOW,洛托姆,Rotom
0479,ROTOM_WASH,洛托姆,Rotom
0480,UXIE,由克希,Uxie
0481,MESPRIT,艾姆利多,Mesprit
0482,AZELF,亞克諾姆,Azelf
0483,DIALGA,帝牙盧卡,Dialga
0484,PALKIA,帕路奇亞,Palkia
0485,HEATRAN,席多藍恩,Heatran
0486,REGIGIGAS,雷吉奇卡斯,Regigigas
0487,GIRATINA_ALTERED,騎拉帝納,Giratina
0487,GIRATINA_ORIGIN,騎拉帝納,Giratina
0488,CRESSELIA,克雷色利亞,Cresselia
0489,PHIONE,霏歐納,Phione
0490,MANAPHY,瑪納霏,Manaphy
0491,DARKRAI,達克萊伊,Darkrai
0492,SHAYMIN_LAND,謝米,Shaymin
0492,SHAYMIN_SKY,謝米,Shaymin
0493,ARCEUS,阿爾宙斯,Arceus
0493,ARCEUS_BUG,阿爾宙斯,Arceus
0493,ARCEUS_DARK,阿爾宙斯,Arceus
0493,ARCEUS_DRAGON,阿爾宙斯,Arceus
0493,ARCEUS_ELECTRIC,阿爾宙斯,Arceus
0493,ARCEUS_FAIRY,阿爾宙斯,Arceus
0493,ARCEUS_FIGHTING,阿爾宙斯,Arceus
0493,ARCEUS_FIRE,阿爾宙斯,Arceus
0493,ARCEUS_FLYING,阿爾宙斯,Arceus
0493,ARCEUS_GHOST,阿爾宙斯,Arceus
0493,ARCEUS_GRASS,阿爾宙斯,Arceus
0493,ARCEUS_GROUND,阿爾宙斯,Arceus
0493,ARCEUS_ICE,阿爾宙斯,Arceus
0493,ARCEUS_POISON,阿爾宙斯,Arceus
0493,ARCEUS_PSYCHIC,阿爾宙斯,Arceus
0493,ARCEUS_ROCK,阿爾宙斯,Arceus
0493,ARCEUS_STEEL,阿爾宙斯,Arceus
0493,ARCEUS_WATER,阿爾宙斯,Arceus
0494,VICTINI,比克提尼,Victini
0495,SNIVY,藤藤蛇,Snivy
0496,SERVINE,青藤蛇,Servine
0497,SERPERIOR,君主蛇,Serperior
0498,TEPIG,暖暖豬,Tepig
0499,PIGNITE,炒炒豬,Pignite
0500,EMBOAR,炎武王,Emboar
0501,OSHAWOTT,水水獺,Oshawott
0502,DEWOTT,雙刃丸,Dewott
0503,SAMUROTT,大劍鬼,Samurott
0504,PATRAT,探探鼠,Patrat
0505,WATCHOG,步哨鼠,Watchog
0506,LILLIPUP,小約克,Lillipup
0507,HERDIER,哈約克,Herdier
0508,STOUTLAND,長毛狗,Stoutland
0509,PURRLOIN,扒手貓,Purrloin
0510,LIEPARD,酷豹,Liepard
0511,PANSAGE,花椰猴,Pansage
0512,SIMISAGE,花椰猿,Simisage
0513,PANSEAR,爆香猴,Pansear
0514,SIMISEAR,爆香猿,Simisear
0515,PANPOUR,冷水猴,Panpour
0516,SIMIPOUR,冷水猿,Simipour
0517,MUNNA,食夢夢,Munna
0518,MUSHARNA,夢夢蝕,Musharna
0519,PIDOVE,豆豆鴿,Pidove
0520,TRANQUILL,咕咕鴿,Tranquill
0521,UNFEZANT,高傲雉雞,Unfezant
0522,BLITZLE,斑斑馬,Blitzle
0523,ZEBSTRIKA,雷電斑馬,Zebstrika
0524,ROGGENROLA,石丸子,Roggenrola
0525,BOLDORE,地幔岩,Boldore
0526,GIGALITH,龐岩怪,Gigalith
0527,WOOBAT,滾滾蝙蝠,Woobat
0528,SWOOBAT,心蝙蝠,Swoobat
0529,DRILBUR,螺釘地鼠,Drilbur
0530,EXCADRILL,龍頭地鼠,Excadrill
0531,AUDINO,差不多娃娃,Audino
0532,TIMBURR,搬運小匠,Timburr
0533,GURDURR,鐵骨土人,Gurdurr
0534,CONKELDURR,修建老匠,Conkeldurr
0535,TYMPOLE,圓蝌蚪,Tympole
0536,PALPITOAD,藍蟾蜍,Palpitoad
0537,SEISMITOAD,蟾蜍王,Seismitoad
0538,THROH,投摔鬼,Throh
0539,SAWK,打擊鬼,Sawk
0540,SEWADDLE,蟲寶包,Sewaddle
0541,SWADLOON,寶包繭,Swadloon
0542,LEAVANNY,保母蟲,Leavanny
0543,VENIPEDE,百足蜈蚣,Venipede
0544,WHIRLIPEDE,車輪毬,Whirlipede
0545,SCOLIPEDE,蜈蚣王,Scolipede
0546,COTTONEE,木棉球,Cottonee
0547,WHIMSICOTT,風妖精,Whimsicott
0548,PETILIL,百合根娃娃,Petilil
0549,LILLIGANT,裙兒小姐,Lilligant
0550,BASCULIN_BLUE_STRIPED,野蠻鱸魚,Basculin
0550,BASCULIN_RED_STRIPED,野蠻鱸魚,Basculin
0551,SANDILE,黑眼鱷,Sandile
0552,KROKOROK,混混鱷,Krokorok
0553,KROOKODILE,流氓鱷,Krookodile
0554,DARUMAKA,火紅不倒翁,Darumaka
0554,DARUMAKA_GALARIAN,火紅不倒翁,Darumaka
0555,DARMANITAN_GALARIAN_STANDARD,達摩狒狒,Darmanitan
0555,DARMANITAN_GALARIAN_ZEN,達摩狒狒,Darmanitan
0555,DARMANITAN_STANDARD,達摩狒狒,Darmanitan
0555,DARMANITAN_ZEN,達摩狒狒,Darmanitan
0556,MARACTUS,沙鈴仙人掌,Maractus
0557,DWEBBLE,石居蟹,Dwebble
0558,CRUSTLE,岩殿居蟹,Crustle
0559,SCRAGGY,滑滑小子,Scraggy
0560,SCRAFTY,頭巾混混,Scrafty
0561,SIGILYPH,象徵鳥,Sigilyph
0562,YAMASK,哭哭面具,Yamask
0562,YAMASK_GALARIAN,哭哭面具,Yamask
0563,COFAGRIGUS,死神棺,Cofagrigus
0564,TIRTOUGA,原蓋海龜,Tirtouga
0565,CARRACOSTA,肋骨海龜,Carracosta
0566,ARCHEN,始祖小鳥,Archen
0567,ARCHEOPS,始祖大鳥,Archeops
0568,TRUBBISH,破破袋,Trubbish
0569,GARBODOR,灰塵山,Garbodor
0570,ZORUA,索羅亞,Zorua
0571,ZOROARK,索羅亞克,Zoroark
0572,MINCCINO,泡沫栗鼠,Minccino
0573,CINCCINO,奇諾栗鼠,Cinccino
0574,GOTHITA,哥德寶寶,Gothita
0575,GOTHORITA,哥德小童,Gothorita
0576,GOTHITELLE,哥德小姐,Gothitelle
0577,SOLOSIS,單卵細胞球,Solosis
0578,DUOSION,雙卵細胞球,Duosion
0579,REUNICLUS,人造細胞卵,Reuniclus
0580,DUCKLETT,鴨寶寶,Ducklett
0581,SWANNA,舞天鵝,Swanna
0582,VANILLITE,迷你冰,Vanillite
0583,VANILLISH,多多冰,Vanillish
0584,VANILLUXE,雙倍多多冰,Vanilluxe
0585,DEERLING_SPRING,四季鹿,Deerling
0585,DEERLING_SUMMER,四季鹿,Deerling
0585,DEERLING_AUTUMN,四季鹿,Deerling
0585,DEERLING_WINTER,四季鹿,Deerling
0586,SAWSBUCK_SPRING,萌芽鹿,Sawsbuck
0586,SAWSBUCK_SUMMER,萌芽鹿,Sawsbuck
0586,SAWSBUCK_AUTUMN,萌芽鹿,Sawsbuck
0586,SAWSBUCK_WINTER,萌芽鹿,Sawsbuck
0587,EMOLGA,電飛鼠,Emolga
0588,KARRABLAST,蓋蓋蟲,Karrablast
0589,ESCAVALIER,騎士蝸牛,Escavalier
0590,FOONGUS,哎呀球菇,Foongus
0591,AMOONGUSS,敗露球菇,Amoonguss
0592,FRILLISH,輕飄飄,Frillish
0592,FRILLISH_FEMALE,輕飄飄,Frillish
0593,JELLICENT,胖嘟嘟,Jellicent
0593,JELLICENT_FEMALE,胖嘟嘟,Jellicent
0594,ALOMOMOLA,保母曼波,Alomomola
0595,JOLTIK,電電蟲,Joltik
0596,GALVANTULA,電蜘蛛,Galvantula
0597,FERROSEED,種子鐵球,Ferroseed
0598,FERROTHORN,堅果啞鈴,Ferrothorn
0599,KLINK,齒輪兒,Klink
0600,KLANG,齒輪組,Klang
0601,KLINKLANG,齒輪怪,Klinklang
0602,TYNAMO,麻麻小魚,Tynamo
0603,EELEKTRIK,麻麻鰻,Eelektrik
0604,EELEKTROSS,麻麻鰻魚王,Eelektross
0605,ELGYEM,小灰怪,Elgyem
0606,BEHEEYEM,大宇怪,Beheeyem
0607,LITWICK,燭光靈,Litwick
0608,LAMPENT,燈火幽靈,Lampent
0609,CHANDELURE,水晶燈火靈,Chandelure
0610,AXEW,牙牙,Axew
0611,FRAXURE,斧牙龍,Fraxure
0612,HAXORUS,雙斧戰龍,Haxorus
0613,CUBCHOO,噴嚏熊,Cubchoo
0613,CUBCHOO_WINTER_2020,噴嚏熊,Cubchoo
0614,BEARTIC,凍原熊,Beartic
0614,BEARTIC_WINTER_2020,凍原熊,Beartic
0615,CRYOGONAL,幾何雪花,Cryogonal
0616,SHELMET,小嘴蝸,Shelmet
0617,ACCELGOR,敏捷蟲,Accelgor
0618,STUNFISK,泥巴魚,Stunfisk
0618,STUNFISK_GALARIAN,泥巴魚,Stunfisk
0619,MIENFOO,功夫鼬,Mienfoo
0620,MIENSHAO,師父鼬,Mienshao
0621,DRUDDIGON,赤面龍,Druddigon
0622,GOLETT,泥偶小人,Golett
0623,GOLURK,泥偶巨人,Golurk
0624,PAWNIARD,駒刀小兵,Pawniard
0625,BISHARP,劈斬司令,Bisharp
0626,BOUFFALANT,爆炸頭水牛,Bouffalant
0627,RUFFLET,毛頭小鷹,Rufflet
0628,BRAVIARY,勇士雄鷹,Braviary
0628,BRAVIARY_HISUIAN,勇士雄鷹,Braviary
0629,VULLABY,禿鷹丫頭,Vullaby
0630,MANDIBUZZ,禿鷹娜,Mandibuzz
0631,HEATMOR,熔蟻獸,Heatmor
0632,DURANT,鐵蟻,Durant
0633,DEINO,單首龍,Deino
0634,ZWEILOUS,雙首暴龍,Zweilous
0635,HYDREIGON,三首惡龍,Hydreigon
0636,LARVESTA,燃燒蟲,Larvesta
0637,VOLCARONA,火神蛾,Volcarona
0638,COBALION,勾帕路翁,Cobalion
0639,TERRAKION,代拉基翁,Terrakion
0640,VIRIZION,畢力吉翁,Virizion
0641,TORNADUS_INCARNATE,龍捲雲,Tornadus
0641,TORNADUS_THERIAN,龍捲雲,Tornadus
0642,THUNDURUS_INCARNATE,雷電雲,Thundurus
0642,THUNDURUS_THERIAN,雷電雲,Thundurus
0643,RESHIRAM,萊希拉姆,Reshiram
0644,ZEKROM,捷克羅姆,Zekrom
0645,LANDORUS_INCARNATE,土地雲,Landorus
0645,LANDORUS_THERIAN,土地雲,Landorus
0646,KYUREM,酋雷姆,Kyurem
0646,KYUREM_BLACK,酋雷姆,Kyurem
0646,KYUREM_WHITE,酋雷姆,Kyurem
0647,KELDEO_ORDINARY,凱路迪歐,Keldeo
0647,KELDEO_RESOLUTE,凱路迪歐,Keldeo
0648,MELOETTA_ARIA,美洛耶塔,Meloetta
0648,MELOETTA_PIROUETTE,美洛耶塔,Meloetta
0649,GENESECT,蓋諾賽克特,Genesect
0649,GENESECT_BURN,蓋諾賽克特,Genesect
0649,GENESECT_CHILL,蓋諾賽克特,Genesect
0649,GENESECT_DOUSE,蓋諾賽克特,Genesect
0649,GENESECT_SHOCK,蓋諾賽克特,Genesect
0650,CHESPIN,哈力栗,Chespin
0651,QUILLADIN,胖胖哈力,Quilladin
0652,CHESNAUGHT,布里卡隆,Chesnaught
0653,FENNEKIN,火狐狸,Fennekin
0654,BRAIXEN,長尾火狐,Braixen
0655,DELPHOX,妖火紅狐,Delphox
0656,FROAKIE,呱呱泡蛙,Froakie
0657,FROGADIER,呱頭蛙,Frogadier
0658,GRENINJA,甲賀忍蛙,Greninja
0659,BUNNELBY,掘掘兔,Bunnelby
0660,DIGGERSBY,掘地兔,Diggersby
0661,FLETCHLING,小箭雀,Fletchling
0662,FLETCHINDER,火箭雀,Fletchinder
0663,TALONFLAME,烈箭鷹,Talonflame
0664,SCATTERBUG,粉蝶蟲,Scatterbug
0664,SCATTERBUG_ARCHIPELAGO,粉蝶蟲,Scatterbug
0664,SCATTERBUG_CONTINENTAL,粉蝶蟲,Scatterbug
0664,SCATTERBUG_ELEGANT,粉蝶蟲,Scatterbug
0664,SCATTERBUG_FANCY,粉蝶蟲,Scatterbug
0664,SCATTERBUG_GARDEN,粉蝶蟲,Scatterbug
0664,SCATTERBUG_HIGH_PLAINS,粉蝶蟲,Scatterbug
0664,SCATTERBUG_ICY_SNOW,粉蝶蟲,Scatterbug
0664,SCATTERBUG_JUNGLE,粉蝶蟲,Scatterbug
0664,SCATTERBUG_MARINE,粉蝶蟲,Scatterbug
0664,SCATTERBUG_MODERN,粉蝶蟲,Scatterbug
0664,SCATTERBUG_MONSOON,粉蝶蟲,Scatterbug
0664,SCATTERBUG_OCEAN,粉蝶蟲,Scatterbug
0664,SCATTERBUG_POKEBALL,粉蝶蟲,Scatterbug
0664,SCATTERBUG_POLAR,粉蝶蟲,Scatterbug
0664,SCATTERBUG_RIVER,粉蝶蟲,Scatterbug
0664,SCATTERBUG_SANDSTORM,粉蝶蟲,Scatterbug
0664,SCATTERBUG_SAVANNA,粉蝶蟲,Scatterbug
0664,SCATTERBUG_SUN,粉蝶蟲,Scatterbug
0664,SCATTERBUG_TUNDRA,粉蝶蟲,Scatterbug
0665,SPEWPA,粉蝶蛹,Spewpa
0665,SPEWPA_ARCHIPELAGO,粉蝶蛹,Spewpa
0665,SPEWPA_CONTINENTAL,粉蝶蛹,Spewpa
0665,SPEWPA_ELEGANT,粉蝶蛹,Spewpa
0665,SPEWPA_FANCY,粉蝶蛹,Spewpa
0665,SPEWPA_GARDEN,粉蝶蛹,Spewpa
0665,SPEWPA_HIGH_PLAINS,粉蝶蛹,Spewpa
0665,SPEWPA_ICY_SNOW,粉蝶蛹,Spewpa
0665,SPEWPA_JUNGLE,粉蝶蛹,Spewpa
0665,SPEWPA_MARINE,粉蝶蛹,Spewpa
0665,SPEWPA_MODERN,粉蝶蛹,Spewpa
0665,SPEWPA_MONSOON,粉蝶蛹,Spewpa
0665,SPEWPA_OCEAN,粉蝶蛹,Spewpa
0665,SPEWPA_POKEBALL,粉蝶蛹,Spewpa
0665,SPEWPA_POLAR,粉蝶蛹,Spewpa
0665,SPEWPA_RIVER,粉蝶蛹,Spewpa
0665,SPEWPA_SANDSTORM,粉蝶蛹,Spewpa
0665,SPEWPA_SAVANNA,粉蝶蛹,Spewpa
0665,SPEWPA_SUN,粉蝶蛹,Spewpa
0665,SPEWPA_TUNDRA,粉蝶蛹,Spewpa
0666,VIVILLON,彩粉蝶,Vivillon
0666,VIVILLON_ARCHIPELAGO,彩粉蝶,Vivillon
0666,VIVILLON_CONTINENTAL,彩粉蝶,Vivillon
0666,VIVILLON_ELEGANT,彩粉蝶,Vivillon
0666,VIVILLON_FANCY,彩粉蝶,Vivillon
0666,VIVILLON_GARDEN,彩粉蝶,Vivillon
0666,VIVILLON_HIGH_PLAINS,彩粉蝶,Vivillon
0666,VIVILLON_ICY_SNOW,彩粉蝶,Vivillon
0666,VIVILLON_JUNGLE,彩粉蝶,Vivillon
0666,VIVILLON_MARINE,彩粉蝶,Vivillon
0666,VIVILLON_MODERN,彩粉蝶,Vivillon
0666,VIVILLON_MONSOON,彩粉蝶,Vivillon
0666,VIVILLON_OCEAN,彩粉蝶,Vivillon
0666,VIVILLON_POKEBALL,彩粉蝶,Vivillon
0666,VIVILLON_POLAR,彩粉蝶,Vivillon
0666,VIVILLON_RIVER,彩粉蝶,Vivillon
0666,VIVILLON_SANDSTORM,彩粉蝶,Vivillon
0666,VIVILLON_SAVANNA,彩粉蝶,Vivillon
0666,VIVILLON_SUN,彩粉蝶,Vivillon
0666,VIVILLON_TUNDRA,彩粉蝶,Vivillon
0667,LITLEO,小獅獅,Litleo
0668,PYROAR,火炎獅,Pyroar
0668,PYROAR_FEMALE,火炎獅,Pyroar
0669,FLABEBE_BLUE,花蓓蓓,Flabébé
0669,FLABEBE_ORANGE,花蓓蓓,Flabébé
0669,FLABEBE_RED,花蓓蓓,Flabébé
0669,FLABEBE_WHITE,花蓓蓓,Flabébé
0669,FLABEBE_YELLOW,花蓓蓓,Flabébé
0670,FLOETTE_BLUE,花葉蒂,Floette
0670,FLOETTE_ORANGE,花葉蒂,Floette
0670,FLOETTE_RED,花葉蒂,Floette
0670,FLOETTE_WHITE,花葉蒂,Floette
0670,FLOETTE_YELLOW,花葉蒂,Floette
0671,FLORGES_BLUE,花潔夫人,Florges
0671,FLORGES_ORANGE,花潔夫人,Florges
0671,FLORGES_RED,花潔夫人,Florges
0671,FLORGES_WHITE,花潔夫人,Florges
0671,FLORGES_YELLOW,花潔夫人,Florges
0672,SKIDDO,坐騎小羊,Skiddo
0673,GOGOAT,坐騎山羊,Gogoat
0674,PANCHAM,頑皮熊貓,Pancham
0675,PANGORO,流氓熊貓,Pangoro
0676,FURFROU,多麗米亞,Furfrou
0676,FURFROU_DANDY,多麗米亞,Furfrou
0676,FURFROU_DEBUTANTE,多麗米亞,Furfrou
0676,FURFROU_DIAMOND,多麗米亞,Furfrou
0676,FURFROU_HEART,多麗米亞,Furfrou
0676,FURFROU_KABUKI,多麗米亞,Furfrou
0676,FURFROU_LA_REINE,多麗米亞,Furfrou
0676,FURFROU_MATRON,多麗米亞,Furfrou
0676,FURFROU_PHARAOH,多麗米亞,Furfrou
0676,FURFROU_STAR,多麗米亞,Furfrou
0677,ESPURR,妙喵,Espurr
0678,MEOWSTIC,超能妙喵,Meowstic
0678,MEOWSTIC_FEMALE,超能妙喵,Meowstic
0679,HONEDGE,獨劍鞘,Honedge
0680,DOUBLADE,雙劍鞘,Doublade
0681,AEGISLASH,堅盾劍怪,Aegislash
0682,SPRITZEE,粉香香,Spritzee
0683,AROMATISSE,芳香精,Aromatisse
0684,SWIRLIX,綿綿泡芙,Swirlix
0685,SLURPUFF,胖甜妮,Slurpuff
0686,INKAY,好啦魷,Inkay
0687,MALAMAR,烏賊王,Malamar
0688,BINACLE,龜腳腳,Binacle
0689,BARBARACLE,龜足巨鎧,Barbaracle
0690,SKRELP,垃垃藻,Skrelp
0691,DRAGALGE,毒藻龍,Dragalge
0692,CLAUNCHER,鐵臂槍蝦,Clauncher
0693,CLAWITZER,鋼炮臂蝦,Clawitzer
0694,HELIOPTILE,傘電蜥,Helioptile
0695,HELIOLISK,光電傘蜥,Heliolisk
0696,TYRUNT,寶寶暴龍,Tyrunt
0697,TYRANTRUM,怪顎龍,Tyrantrum
0698,AMAURA,冰雪龍,Amaura
0699,AURORUS,冰雪巨龍,Aurorus
0700,SYLVEON,仙子伊布,Sylveon
0701,HAWLUCHA,摔角鷹人,Hawlucha
0702,DEDENNE,咚咚鼠,Dedenne
0703,CARBINK,小碎鑽,Carbink
0704,GOOMY,黏黏寶,Goomy
0705,SLIGGOO,黏美兒,Sliggoo
0706,GOODRA,黏美龍,Goodra
0707,KLEFKI,鑰圈兒,Klefki
0708,PHANTUMP,小木靈,Phantump
0709,TREVENANT,朽木妖,Trevenant
0710,PUMPKABOO_AVERAGE,南瓜精,Pumpkaboo
0710,PUMPKABOO_SMALL,南瓜精,Pumpkaboo
0710,PUMPKABOO_LARGE,南瓜精,Pumpkaboo
0710,PUMPKABOO_SUPER,南瓜精,Pumpkaboo
0711,GOURGEIST_AVERAGE,南瓜怪人,Gourgeist
0711,GOURGEIST_SMALL,南瓜怪人,Gourgeist
0711,GOURGEIST_LARGE,南瓜怪人,Gourgeist
0711,GOURGEIST_SUPER,南瓜怪人,Gourgeist
0712,BERGMITE,冰寶,Bergmite
0713,AVALUGG,冰岩怪,Avalugg
0713,AVALUGG_HISUIAN,冰岩怪,Avalugg
0714,NOIBAT,嗡蝠,Noibat
0715,NOIVERN,音波龍,Noivern
0716,XERNEAS,哲爾尼亞斯,Xerneas
0717,YVELTAL,伊裴爾塔爾,Yveltal
0718,ZYGARDE,基格爾德,Zygarde
0719,DIANCIE,蒂安希,Diancie
0720,HOOPA_CONFINED,胡帕,Hoopa
0720,HOOPA_UNBOUND,胡帕,Hoopa
0721,VOLCANION,波爾凱尼恩,Volcanion
0722,ROWLET,木木梟,Rowlet
0723,DARTRIX,投羽梟,Dartrix
0724,DECIDUEYE,狙射樹梟,Decidueye
0725,LITTEN,火斑喵,Litten
0726,TORRACAT,炎熱喵,Torracat
0727,INCINEROAR,熾焰咆哮虎,Incineroar
0728,POPPLIO,球球海獅,Popplio
0729,BRIONNE,花漾海獅,Brionne
0730,PRIMARINA,西獅海壬,Primarina
0731,PIKIPEK,小篤兒,Pikipek
0732,TRUMBEAK,喇叭啄鳥,Trumbeak
0733,TOUCANNON,銃嘴大鳥,Toucannon
0734,YUNGOOS,貓鼬少,Yungoos
0735,GUMSHOOS,貓鼬探長,Gumshoos
0736,GRUBBIN,強顎雞母蟲,Grubbin
0737,CHARJABUG,蟲電寶,Charjabug
0738,VIKAVOLT,鍬農炮蟲,Vikavolt
0739,CRABRAWLER,好勝蟹,Crabrawler
0740,CRABOMINABLE,好勝毛蟹,Crabominable
0741,ORICORIO,花舞鳥,Oricorio
0741,ORICORIO_PAU,花舞鳥,Oricorio
0741,ORICORIO_POMPOM,花舞鳥,Oricorio
0741,ORICORIO_SENSU,花舞鳥,Oricorio
0742,CUTIEFLY,萌虻,Cutiefly
0743,RIBOMBEE,蝶結萌虻,Ribombee
0744,ROCKRUFF,岩狗狗,Rockruff
0745,LYCANROC,鬃岩狼人,Lycanroc
0745,LYCANROC_DUSK,鬃岩狼人,Lycanroc
0745,LYCANROC_MIDNIGHT,鬃岩狼人,Lycanroc
0746,WISHIWASHI,弱丁魚,Wishiwashi
0746,WISHIWASHI_SCHOOL,弱丁魚,Wishiwashi
0747,MAREANIE,好壞星,Mareanie
0748,TOXAPEX,超壞星,Toxapex
0749,MUDBRAY,泥驢仔,Mudbray
0750,MUDSDALE,重泥挽馬,Mudsdale
0751,DEWPIDER,滴蛛,Dewpider
0752,ARAQUANID,滴蛛霸,Araquanid
0753,FOMANTIS,偽螳草,Fomantis
0754,LURANTIS,蘭螳花,Lurantis
0755,MORELULL,睡睡菇,Morelull
0756,SHIINOTIC,燈罩夜菇,Shiinotic
0757,SALANDIT,夜盜火蜥,Salandit
0758,SALAZZLE,焰后蜥,Salazzle
0759,STUFFUL,童偶熊,Stufful
0760,BEWEAR,穿著熊,Bewear
0761,BOUNSWEET,甜竹竹,Bounsweet
0762,STEENEE,甜舞妮,Steenee
0763,TSAREENA,甜冷美后,Tsareena
0764,COMFEY,花療環環,Comfey
0765,ORANGURU,智揮猩,Oranguru
0766,PASSIMIAN,投擲猴,Passimian
0767,WIMPOD,膽小蟲,Wimpod
0768,GOLISOPOD,具甲武者,Golisopod
0769,SANDYGAST,沙丘娃,Sandygast
0770,PALOSSAND,噬沙堡爺,Palossand
0771,PYUKUMUKU,拳海參,Pyukumuku
0772,TYPE_NULL,屬性：空,Type: Null
0773,SILVALLY,銀伴戰獸,Silvally
0773,SILVALLY_BUG,銀伴戰獸,Silvally
0773,SILVALLY_DARK,銀伴戰獸,Silvally
0773,SILVALLY_DRAGON,銀伴戰獸,Silvally
0773,SILVALLY_ELECTRIC,銀伴戰獸,Silvally
0773,SILVALLY_FAIRY,銀伴戰獸,Silvally
0773,SILVALLY_FIGHTING,銀伴戰獸,Silvally
0773,SILVALLY_FIRE,銀伴戰獸,Silvally
0773,SILVALLY_FLYING,銀伴戰獸,Silvally
0773,SILVALLY_GHOST,銀伴戰獸,Silvally
0773,SILVALLY_GRASS,銀伴戰獸,Silvally
0773,SILVALLY_GROUND,銀伴戰獸,Silvally
0773,SILVALLY_ICE,銀伴戰獸,Silvally
0773,SILVALLY_POISON,銀伴戰獸,Silvally
0773,SILVALLY_PSYCHIC,銀伴戰獸,Silvally
0773,SILVALLY_ROCK,銀伴戰獸,Silvally
0773,SILVALLY_STEEL,銀伴戰獸,Silvally
0773,SILVALLY_WATER,銀伴戰獸,Silvally
0774,MINIOR,小隕星,Minior
0774,MINIOR_BLUE,小隕星,Minior
0774,MINIOR_GREEN,小隕星,Minior
0774,MINIOR_INDIGO,小隕星,Minior
0774,MINIOR_ORANGE,小隕星,Minior
0774,MINIOR_RED,小隕星,Minior
0774,MINIOR_VIOLET,小隕星,Minior
0774,MINIOR_YELLOW,小隕星,Minior
0775,KOMALA,樹枕尾熊,Komala
0776,TURTONATOR,爆焰龜獸,Turtonator
0777,TOGEDEMARU,托戈德瑪爾,Togedemaru
0778,MIMIKYU,謎擬Ｑ,Mimikyu
0778,MIMIKYU_BUSTED,謎擬Ｑ,Mimikyu
0779,BRUXISH,磨牙彩皮魚,Bruxish
0780,DRAMPA,老翁龍,Drampa
0781,DHELMISE,破破舵輪,Dhelmise
0782,JANGMO_O,心鱗寶,Jangmo-o
0783,HAKAMO_O,鱗甲龍,Hakamo-o
0784,KOMMO_O,杖尾鱗甲龍,Kommo-o
0785,TAPU_KOKO,卡璞・鳴鳴,Tapu Koko
0786,TAPU_LELE,卡璞・蝶蝶,Tapu Lele
0787,TAPU_BULU,卡璞・哞哞,Tapu Bulu
0788,TAPU_FINI,卡璞・鰭鰭,Tapu Fini
0789,COSMOG,科斯莫古,Cosmog
0790,COSMOEM,科斯莫姆,Cosmoem
0791,SOLGALEO,索爾迦雷歐,Solgaleo
0792,LUNALA,露奈雅拉,Lunala
0793,NIHILEGO,虛吾伊德,Nihilego
0794,BUZZWOLE,爆肌蚊,Buzzwole
0795,PHEROMOSA,費洛美螂,Pheromosa
0796,XURKITREE,電束木,Xurkitree
0797,CELESTEELA,鐵火輝夜,Celesteela
0798,KARTANA,紙御劍,Kartana
0799,GUZZLORD,惡食大王,Guzzlord
0800,NECROZMA,奈克洛茲瑪,Necrozma
0800,NECROZMA_DAWN_WINGS,奈克洛茲瑪,Necrozma
0800,NECROZMA_DUSK_MANE,奈克洛茲瑪,Necrozma
0800,NECROZMA_ULTRA,奈克洛茲瑪,Necrozma
0801,MAGEARNA,瑪機雅娜,Magearna
0801,MAGEARNA_ORIGINAL_COLOR,瑪機雅娜,Magearna
0803,POIPOLE,毒貝比,Poipole
0804,NAGANADEL,四顎針龍,Naganadel
0805,STAKATAKA,壘磊石,Stakataka
0806,BLACEPHALON,砰頭小丑,Blacephalon
0807,ZERAORA,捷拉奧拉,Zeraora
0808,MELTAN,美錄坦,Meltan
0809,MELMETAL,美錄梅塔,Melmetal
0810,GROOKEY,敲音猴,Grookey
0811,THWACKEY,啪咚猴,Thwackey
0812,RILLABOOM,轟擂金剛猩,Rillaboom
0813,SCORBUNNY,炎兔兒,Scorbunny
0814,RABOOT,騰蹴小將,Raboot
0815,CINDERACE,閃焰王牌,Cinderace
0816,SOBBLE,淚眼蜥,Sobble
0817,DRIZZILE,變澀蜥,Drizzile
0818,INTELEON,千面避役,Inteleon
0819,SKWOVET,貪心栗鼠,Skwovet
0820,GREEDENT,藏飽栗鼠,Greedent
0821,ROOKIDEE,稚山雀,Rookidee
0822,CORVISQUIRE,藍鴉,Corvisquire
0823,CORVIKNIGHT,鋼鎧鴉,Corviknight
0824,BLIPBUG,索偵蟲,Blipbug
0825,DOTTLER,天罩蟲,Dottler
0826,ORBEETLE,以歐路普,Orbeetle
0827,NICKIT,偷兒狐,Nickit
0828,THIEVUL,狐大盜,Thievul
0829,GOSSIFLEUR,幼棉棉,Gossifleur
0830,ELDEGOSS,白蓬蓬,Eldegoss
0831,WOOLOO,毛辮羊,Wooloo
0832,DUBWOOL,毛毛角羊,Dubwool
0833,CHEWTLE,咬咬龜,Chewtle
0834,DREDNAW,暴噬龜,Drednaw
0835,YAMPER,來電汪,Yamper
0836,BOLTUND,逐電犬,Boltund
0837,ROLYCOLY,小炭仔,Rolycoly
0838,CARKOL,大炭車,Carkol
0839,COALOSSAL,巨炭山,Coalossal
0840,APPLIN,啃果蟲,Applin
0841,FLAPPLE,蘋裹龍,Flapple
0842,APPLETUN,豐蜜龍,Appletun
0843,SILICOBRA,沙包蛇,Silicobra
0844,SANDACONDA,沙螺蟒,Sandaconda
0845,CRAMORANT,古月鳥,Cramorant
0846,ARROKUDA,刺梭魚,Arrokuda
0847,BARRASKEWDA,戽斗尖梭,Barraskewda
0848,TOXEL,毒電嬰,Toxel
0849,TOXTRICITY_AMPED,顫弦蠑螈,Toxtricity
0849,TOXTRICITY_LOW_KEY,顫弦蠑螈,Toxtricity
0850,SIZZLIPEDE,燒火蚣,Sizzlipede
0851,CENTISKORCH,焚焰蚣,Centiskorch
0852,CLOBBOPUS,拳拳蛸,Clobbopus
0853,GRAPPLOCT,八爪武師,Grapploct
0854,SINISTEA_ANTIQUE,來悲茶,Sinistea
0854,SINISTEA_PHONY,來悲茶,Sinistea
0855,POLTEAGEIST_ANTIQUE,怖思壺,Polteageist
0855,POLTEAGEIST_PHONY,怖思壺,Polteageist
0856,HATENNA,迷布莉姆,Hatenna
0857,HATTREM,提布莉姆,Hattrem
0858,HATTERENE,布莉姆溫,Hatterene
0859,IMPIDIMP,搗蛋小妖,Impidimp
0860,MORGREM,詐唬魔,Morgrem
0861,GRIMMSNARL,長毛巨魔,Grimmsnarl
0862,OBSTAGOON,堵攔熊,Obstagoon
0863,PERRSERKER,喵頭目,Perrserker
0864,CURSOLA,魔靈珊瑚,Cursola
0865,SIRFETCHD,蔥遊兵,Sirfetch'd
0866,MR_RIME,踏冰人偶,Mr. Rime
0867,RUNERIGUS,死神板,Runerigus
0868,MILCERY,小仙奶,Milcery
0869,ALCREMIE,霜奶仙,Alcremie
0870,FALINKS,列陣兵,Falinks
0871,PINCURCHIN,啪嚓海膽,Pincurchin
0872,SNOM,雪吞蟲,Snom
0873,FROSMOTH,雪絨蛾,Frosmoth
0874,STONJOURNER,巨石丁,Stonjourner
0875,EISCUE,冰砌鵝,Eiscue
0875,EISCUE_ICE,冰砌鵝,Eiscue
0875,EISCUE_NOICE,冰砌鵝,Eiscue
0876,INDEEDEE,愛管侍,Indeedee
0876,INDEEDEE_FEMALE,愛管侍,Indeedee
0877,MORPEKO_FULL_BELLY,莫魯貝可,Morpeko
0877,MORPEKO_HANGRY,莫魯貝可,Morpeko
0878,CUFANT,銅象,Cufant
0879,COPPERAJAH,大王銅象,Copperajah
0880,DRACOZOLT,雷鳥龍,Dracozolt
0881,ARCTOZOLT,雷鳥海獸,Arctozolt
0882,DRACOVISH,鰓魚龍,Dracovish
0883,ARCTOVISH,鰓魚海獸,Arctovish
0884,DURALUDON,鋁鋼龍,Duraludon
0885,DREEPY,多龍梅西亞,Dreepy
0886,DRAKLOAK,多龍奇,Drakloak
0887,DRAGAPULT,多龍巴魯托,Dragapult
0888,ZACIAN_CROWNED_SWORD,蒼響,Zacian
0888,ZACIAN_HERO,蒼響,Zacian
0889,ZAMAZENTA_CROWNED_SHIELD,藏瑪然特,Zamazenta
0889,ZAMAZENTA_HERO,藏瑪然特,Zamazenta
0890,ETERNATUS,無極汰那,Eternatus
0890,ETERNATUS_ETERNAMAX,無極汰那,Eternatus
0891,KUBFU,熊徒弟,Kubfu
0892,URSHIFU_RAPID_STRIKE,武道熊師,Urshifu
0892,URSHIFU_SINGLE_STRIKE,武道熊師,Urshifu
0893,ZARUDE,薩戮德,Zarude
0894,REGIELEKI,雷吉艾勒奇,Regieleki
0895,REGIDRAGO,雷吉鐸拉戈,Regidrago
0896,GLASTRIER,雪暴馬,Glastrier
0897,SPECTRIER,靈幽馬,Spectrier
0898,CALYREX,蕾冠王,Calyrex
0898,CALYREX_ICE_RIDER,蕾冠王,Calyrex
0898,CALYREX_SHADOW_RIDER,蕾冠王,Calyrex
0900,KLEAVOR,劈斧螳螂,Kleavor
0901,URSALUNA,月月熊,Ursaluna
0903,SNEASLER,大狃拉,Sneasler
0904,OVERQWIL,萬針魚,Overqwil
0999,GIMMIGHOUL,索財靈,Gimmighoul
1000,GHOLDENGO,賽富豪,Gholdengo
